{
  "ci": {
    "collect": {
      "url": [
        "http://localhost:5173/",
        "http://localhost:5173/components",
        "http://localhost:5173/playground",
        "http://localhost:5173/tokens",
        "http://localhost:5173/token-manager",
        "http://localhost:5173/build-settings",
        "http://localhost:5173/qa"
      ],
      "numberOfRuns": 3,
      "settings": {
        "emulatedFormFactor": "desktop",
        "throttling": {
          "rttMs": 40,
          "throughputKbps": 10240,
          "cpuSlowdownMultiplier": 1
        }
      }
    },
    "assert": {
      "assertions": {
        "categories:performance": ["error", { "minScore": 0.85 }],
        "categories:accessibility": ["error", { "minScore": 0.90 }],
        "first-contentful-paint": ["error", { "maxNumericValue": 1500 }],
        "largest-contentful-paint": ["error", { "maxNumericValue": 2500 }],
        "cumulative-layout-shift": ["error", { "maxNumericValue": 0.1 }],
        "total-blocking-time": ["warn", { "maxNumericValue": 300 }],
        "speed-index": ["warn", { "maxNumericValue": 3000 }],
        "color-contrast": "error",
        "document-title": "error",
        "html-has-lang": "error",
        "resource-summary:script:size": ["error", { "maxNumericValue": 204800 }],
        "resource-summary:total:size": ["error", { "maxNumericValue": 512000 }]
      }
    },
    "upload": {
      "target": "temporary-public-storage"
    }
  }
}
