{
  "$schema": "./tokens-schema.json",
  "version": "1.0.0",
  "description": "YYC\u00b3 Design System \u2014 Design Tokens (OKLCH + HEX fallback)",
  "themes": {
    "future": {
      "light": {
        "color": {
          "primary": { "oklch": "oklch(0.55 0.18 260)", "hex": "#2563eb" },
          "primary-foreground": { "oklch": "oklch(1 0 0)", "hex": "#ffffff" },
          "primary-highlight": { "oklch": "oklch(0.72 0.14 240)", "hex": "#60a5fa" },
          "secondary": { "oklch": "oklch(0.95 0.03 220)", "hex": "#e0f2fe" },
          "secondary-foreground": { "oklch": "oklch(0.35 0.08 230)", "hex": "#0c4a6e" },
          "background": { "oklch": "oklch(1 0 0)", "hex": "#ffffff" },
          "foreground": { "oklch": "oklch(0.15 0.03 260)", "hex": "#0f172a" },
          "card": { "oklch": "oklch(1 0 0)", "hex": "#ffffff" },
          "card-foreground": { "oklch": "oklch(0.15 0.03 260)", "hex": "#0f172a" },
          "muted": { "oklch": "oklch(0.96 0.01 240)", "hex": "#f1f5f9" },
          "muted-foreground": { "oklch": "oklch(0.55 0.03 250)", "hex": "#64748b" },
          "border": { "oklch": "oklch(0.92 0.01 240)", "hex": "#e2e8f0" },
          "ring": { "oklch": "oklch(0.55 0.18 260)", "hex": "#2563eb" },
          "destructive": { "oklch": "oklch(0.52 0.21 25)", "hex": "#dc2626" },
          "destructive-foreground": { "oklch": "oklch(1 0 0)", "hex": "#ffffff" },
          "success": { "oklch": "oklch(0.60 0.18 145)", "hex": "#16a34a" },
          "success-foreground": { "oklch": "oklch(1 0 0)", "hex": "#ffffff" },
          "warning": { "oklch": "oklch(0.62 0.16 70)", "hex": "#d97706" },
          "warning-foreground": { "oklch": "oklch(1 0 0)", "hex": "#ffffff" }
        },
        "shadow": {
          "sm": "0 1px 2px 0 rgba(0, 0, 0, 0.05)",
          "md": "0 4px 6px -1px rgba(0, 0, 0, 0.07), 0 2px 4px -2px rgba(0, 0, 0, 0.05)",
          "lg": "0 10px 15px -3px rgba(0, 0, 0, 0.08), 0 4px 6px -4px rgba(0, 0, 0, 0.05)",
          "glow": "0 0 20px rgba(37, 99, 235, 0.15)"
        }
      },
      "dark": {
        "color": {
          "primary": { "oklch": "oklch(0.61 0.18 260)", "hex": "#3b82f6" },
          "primary-foreground": { "oklch": "oklch(1 0 0)", "hex": "#ffffff" },
          "primary-highlight": { "oklch": "oklch(0.72 0.14 240)", "hex": "#60a5fa" },
          "secondary": { "oklch": "oklch(0.22 0.02 260)", "hex": "#1e293b" },
          "secondary-foreground": { "oklch": "oklch(0.92 0.01 240)", "hex": "#e2e8f0" },
          "background": { "oklch": "oklch(0.10 0.03 260)", "hex": "#0b1121" },
          "foreground": { "oklch": "oklch(0.92 0.01 240)", "hex": "#e2e8f0" },
          "card": { "oklch": "oklch(0.14 0.02 260)", "hex": "#111827" },
          "card-foreground": { "oklch": "oklch(0.92 0.01 240)", "hex": "#e2e8f0" },
          "muted": { "oklch": "oklch(0.22 0.02 260)", "hex": "#1e293b" },
          "muted-foreground": { "oklch": "oklch(0.68 0.02 250)", "hex": "#94a3b8" },
          "border": { "oklch": "oklch(0.22 0.02 260)", "hex": "#1e293b" },
          "ring": { "oklch": "oklch(0.61 0.18 260)", "hex": "#3b82f6" },
          "destructive": { "oklch": "oklch(0.58 0.22 25)", "hex": "#ef4444" },
          "destructive-foreground": { "oklch": "oklch(1 0 0)", "hex": "#ffffff" },
          "success": { "oklch": "oklch(0.66 0.20 145)", "hex": "#22c55e" },
          "success-foreground": { "oklch": "oklch(1 0 0)", "hex": "#ffffff" },
          "warning": { "oklch": "oklch(0.68 0.16 70)", "hex": "#f59e0b" },
          "warning-foreground": { "oklch": "oklch(0.15 0.03 260)", "hex": "#0f172a" }
        },
        "shadow": {
          "sm": "0 1px 2px 0 rgba(0, 0, 0, 0.3)",
          "md": "0 4px 6px -1px rgba(0, 0, 0, 0.4), 0 2px 4px -2px rgba(0, 0, 0, 0.3)",
          "lg": "0 10px 15px -3px rgba(0, 0, 0, 0.5), 0 4px 6px -4px rgba(0, 0, 0, 0.4)",
          "glow": "0 0 30px rgba(59, 130, 246, 0.25)"
        }
      }
    },
    "cyber": {
      "light": {
        "color": {
          "primary": { "oklch": "oklch(0.55 0.24 320)", "hex": "#c026d3" },
          "primary-foreground": { "oklch": "oklch(1 0 0)", "hex": "#ffffff" },
          "primary-highlight": { "oklch": "oklch(0.72 0.22 320)", "hex": "#e879f9" },
          "secondary": { "oklch": "oklch(0.96 0.03 310)", "hex": "#fae8ff" },
          "secondary-foreground": { "oklch": "oklch(0.38 0.14 300)", "hex": "#6b21a8" },
          "background": { "oklch": "oklch(0.98 0.01 300)", "hex": "#faf5ff" },
          "foreground": { "oklch": "oklch(0.12 0.06 300)", "hex": "#1a0a2e" },
          "card": { "oklch": "oklch(1 0 0)", "hex": "#ffffff" },
          "card-foreground": { "oklch": "oklch(0.12 0.06 300)", "hex": "#1a0a2e" },
          "muted": { "oklch": "oklch(0.96 0.02 300)", "hex": "#f3e8ff" },
          "muted-foreground": { "oklch": "oklch(0.50 0.16 290)", "hex": "#7c3aed" },
          "border": { "oklch": "oklch(0.92 0.04 300)", "hex": "#e9d5ff" },
          "ring": { "oklch": "oklch(0.55 0.24 320)", "hex": "#c026d3" },
          "destructive": { "oklch": "oklch(0.55 0.22 10)", "hex": "#f43f5e" },
          "destructive-foreground": { "oklch": "oklch(1 0 0)", "hex": "#ffffff" },
          "success": { "oklch": "oklch(0.63 0.18 160)", "hex": "#10b981" },
          "success-foreground": { "oklch": "oklch(1 0 0)", "hex": "#ffffff" },
          "warning": { "oklch": "oklch(0.68 0.16 70)", "hex": "#f59e0b" },
          "warning-foreground": { "oklch": "oklch(0.12 0.06 300)", "hex": "#1a0a2e" }
        },
        "shadow": {
          "sm": "0 1px 2px 0 rgba(0, 0, 0, 0.05)",
          "md": "0 4px 6px -1px rgba(0, 0, 0, 0.07), 0 2px 4px -2px rgba(0, 0, 0, 0.05)",
          "lg": "0 10px 15px -3px rgba(0, 0, 0, 0.08), 0 4px 6px -4px rgba(0, 0, 0, 0.05)",
          "glow": "0 0 20px rgba(192, 38, 211, 0.2)"
        }
      },
      "dark": {
        "color": {
          "primary": { "oklch": "oklch(0.60 0.26 320)", "hex": "#d946ef" },
          "primary-foreground": { "oklch": "oklch(1 0 0)", "hex": "#ffffff" },
          "primary-highlight": { "oklch": "oklch(0.72 0.22 320)", "hex": "#e879f9" },
          "secondary": { "oklch": "oklch(0.18 0.06 300)", "hex": "#2e1065" },
          "secondary-foreground": { "oklch": "oklch(0.92 0.03 300)", "hex": "#f3e8ff" },
          "background": { "oklch": "oklch(0.08 0.05 300)", "hex": "#0f0520" },
          "foreground": { "oklch": "oklch(0.92 0.03 300)", "hex": "#f3e8ff" },
          "card": { "oklch": "oklch(0.12 0.06 300)", "hex": "#1a0a2e" },
          "card-foreground": { "oklch": "oklch(0.92 0.03 300)", "hex": "#f3e8ff" },
          "muted": { "oklch": "oklch(0.18 0.06 300)", "hex": "#2e1065" },
          "muted-foreground": { "oklch": "oklch(0.65 0.12 290)", "hex": "#a78bfa" },
          "border": { "oklch": "oklch(0.22 0.08 300)", "hex": "#3b0764" },
          "ring": { "oklch": "oklch(0.60 0.26 320)", "hex": "#d946ef" },
          "destructive": { "oklch": "oklch(0.58 0.22 10)", "hex": "#fb7185" },
          "destructive-foreground": { "oklch": "oklch(1 0 0)", "hex": "#ffffff" },
          "success": { "oklch": "oklch(0.68 0.20 160)", "hex": "#34d399" },
          "success-foreground": { "oklch": "oklch(0.12 0.06 300)", "hex": "#1a0a2e" },
          "warning": { "oklch": "oklch(0.72 0.16 70)", "hex": "#fbbf24" },
          "warning-foreground": { "oklch": "oklch(0.12 0.06 300)", "hex": "#1a0a2e" }
        },
        "shadow": {
          "sm": "0 1px 2px 0 rgba(0, 0, 0, 0.3)",
          "md": "0 4px 6px -1px rgba(0, 0, 0, 0.4), 0 2px 4px -2px rgba(0, 0, 0, 0.3)",
          "lg": "0 10px 15px -3px rgba(0, 0, 0, 0.5), 0 4px 6px -4px rgba(0, 0, 0, 0.4)",
          "glow": "0 0 30px rgba(217, 70, 239, 0.35)"
        }
      }
    },
    "business": {
      "light": {
        "color": {
          "primary": { "oklch": "oklch(0.55 0.12 240)", "hex": "#0066cc" },
          "primary-foreground": { "oklch": "oklch(1 0 0)", "hex": "#ffffff" },
          "primary-highlight": { "oklch": "oklch(0.65 0.10 230)", "hex": "#4d94db" },
          "secondary": { "oklch": "oklch(0.96 0.01 220)", "hex": "#f0f4f8" },
          "secondary-foreground": { "oklch": "oklch(0.30 0.04 240)", "hex": "#1e3a5f" },
          "background": { "oklch": "oklch(1 0 0)", "hex": "#ffffff" },
          "foreground": { "oklch": "oklch(0.15 0.02 240)", "hex": "#1a202c" },
          "card": { "oklch": "oklch(1 0 0)", "hex": "#ffffff" },
          "card-foreground": { "oklch": "oklch(0.15 0.02 240)", "hex": "#1a202c" },
          "muted": { "oklch": "oklch(0.96 0.005 220)", "hex": "#f7f8fa" },
          "muted-foreground": { "oklch": "oklch(0.55 0.02 240)", "hex": "#718096" },
          "border": { "oklch": "oklch(0.90 0.01 230)", "hex": "#e2e8f0" },
          "ring": { "oklch": "oklch(0.55 0.12 240)", "hex": "#0066cc" },
          "destructive": { "oklch": "oklch(0.52 0.18 25)", "hex": "#c53030" },
          "destructive-foreground": { "oklch": "oklch(1 0 0)", "hex": "#ffffff" },
          "success": { "oklch": "oklch(0.58 0.15 145)", "hex": "#2f855a" },
          "success-foreground": { "oklch": "oklch(1 0 0)", "hex": "#ffffff" },
          "warning": { "oklch": "oklch(0.60 0.14 70)", "hex": "#c05621" },
          "warning-foreground": { "oklch": "oklch(1 0 0)", "hex": "#ffffff" }
        },
        "shadow": {
          "sm": "0 1px 3px 0 rgba(0, 0, 0, 0.06)",
          "md": "0 4px 6px -1px rgba(0, 0, 0, 0.08), 0 2px 4px -2px rgba(0, 0, 0, 0.04)",
          "lg": "0 10px 15px -3px rgba(0, 0, 0, 0.10), 0 4px 6px -4px rgba(0, 0, 0, 0.05)",
          "glow": "none"
        }
      },
      "dark": {
        "color": {
          "primary": { "oklch": "oklch(0.60 0.14 240)", "hex": "#3182ce" },
          "primary-foreground": { "oklch": "oklch(1 0 0)", "hex": "#ffffff" },
          "primary-highlight": { "oklch": "oklch(0.70 0.12 230)", "hex": "#63b3ed" },
          "secondary": { "oklch": "oklch(0.22 0.02 230)", "hex": "#2d3748" },
          "secondary-foreground": { "oklch": "oklch(0.92 0.01 220)", "hex": "#e2e8f0" },
          "background": { "oklch": "oklch(0.12 0.02 230)", "hex": "#1a202c" },
          "foreground": { "oklch": "oklch(0.92 0.01 220)", "hex": "#e2e8f0" },
          "card": { "oklch": "oklch(0.18 0.02 230)", "hex": "#2d3748" },
          "card-foreground": { "oklch": "oklch(0.92 0.01 220)", "hex": "#e2e8f0" },
          "muted": { "oklch": "oklch(0.22 0.02 230)", "hex": "#2d3748" },
          "muted-foreground": { "oklch": "oklch(0.65 0.02 230)", "hex": "#a0aec0" },
          "border": { "oklch": "oklch(0.28 0.02 230)", "hex": "#4a5568" },
          "ring": { "oklch": "oklch(0.60 0.14 240)", "hex": "#3182ce" },
          "destructive": { "oklch": "oklch(0.58 0.20 20)", "hex": "#fc8181" },
          "destructive-foreground": { "oklch": "oklch(0.12 0.02 230)", "hex": "#1a202c" },
          "success": { "oklch": "oklch(0.65 0.18 150)", "hex": "#68d391" },
          "success-foreground": { "oklch": "oklch(0.12 0.02 230)", "hex": "#1a202c" },
          "warning": { "oklch": "oklch(0.70 0.15 70)", "hex": "#f6ad55" },
          "warning-foreground": { "oklch": "oklch(0.12 0.02 230)", "hex": "#1a202c" }
        },
        "shadow": {
          "sm": "0 1px 3px 0 rgba(0, 0, 0, 0.3)",
          "md": "0 4px 6px -1px rgba(0, 0, 0, 0.4), 0 2px 4px -2px rgba(0, 0, 0, 0.3)",
          "lg": "0 10px 15px -3px rgba(0, 0, 0, 0.5), 0 4px 6px -4px rgba(0, 0, 0, 0.4)",
          "glow": "none"
        }
      }
    },
    "shared": {
      "spacing": {
        "1": "0.25rem",
        "2": "0.5rem",
        "3": "0.75rem",
        "4": "1rem",
        "5": "1.5rem",
        "6": "2rem",
        "7": "2.5rem",
        "8": "3rem"
      },
      "radius": {
        "sm": "calc(var(--radius) - 4px)",
        "md": "calc(var(--radius) - 2px)",
        "lg": "var(--radius)",
        "xl": "calc(var(--radius) + 4px)"
      },
      "shadow": {
        "sm": "0 1px 2px 0 rgba(0, 0, 0, 0.05)",
        "md": "0 4px 6px -1px rgba(0, 0, 0, 0.07), 0 2px 4px -2px rgba(0, 0, 0, 0.05)",
        "lg": "0 10px 15px -3px rgba(0, 0, 0, 0.08), 0 4px 6px -4px rgba(0, 0, 0, 0.05)",
        "glow": "0 0 20px var(--glow-color)"
      },
      "animation": {
        "duration": {
          "fast": "120ms",
          "normal": "200ms",
          "slow": "350ms"
        },
        "easing": {
          "default": "cubic-bezier(0.25, 0.8, 0.25, 1)",
          "in": "cubic-bezier(0.4, 0, 1, 1)",
          "out": "cubic-bezier(0, 0, 0.2, 1)",
          "in-out": "cubic-bezier(0.4, 0, 0.2, 1)"
        }
      },
      "icon": {
        "xs": "0.75rem",
        "sm": "1rem",
        "md": "1.25rem",
        "lg": "1.5rem",
        "xl": "2rem"
      },
      "typography": {
        "font-sans": "'Inter', system-ui, -apple-system, sans-serif",
        "font-mono": "'JetBrains Mono', ui-monospace, monospace"
      }
    }
  }
}
